Keyword	Searchvolume	CPC	Jan	Feb	Mar	Apr	May	Jun	Jul	Aug	Sep	Oct	Nov	Dec
moodle	301000	$7.13 	301000	301000	301000	301000	201000	90500	74000	246000	550000	450000	301000	246000
moodys garden	110000	$0.34 	74000	90500	135000	90500	110000	165000	165000	90500	60500	60500	90500	135000
moody garden galveston	110000	$0.34 	74000	90500	135000	90500	110000	165000	165000	90500	60500	60500	90500	135000
moody garden in galveston texas	110000	$0.34 	74000	90500	135000	90500	110000	165000	165000	90500	60500	60500	90500	135000
moody garden galveston texas	110000	$0.34 	74000	90500	135000	90500	110000	165000	165000	90500	60500	60500	90500	135000
moody garden texas	110000	$0.34 	74000	90500	135000	90500	110000	165000	165000	90500	60500	60500	90500	135000
mood ring colors meanings	60500	$3.40 	60500	60500	60500	60500	60500	60500	74000	60500	49500	60500	49500	74000
what colors on a mood ring mean	60500	$3.40 	60500	60500	60500	60500	60500	60500	74000	60500	49500	60500	49500	74000
mood ring meaning colors	60500	$3.40 	60500	60500	60500	60500	60500	60500	74000	60500	49500	60500	49500	74000
mood ring meanings colors	60500	$3.40 	60500	60500	60500	60500	60500	60500	74000	60500	49500	60500	49500	74000
what mood ring colors mean	60500	$3.40 	60500	60500	60500	60500	60500	60500	74000	60500	49500	60500	49500	74000
mood ring colors mean	60500	$3.40 	60500	60500	60500	60500	60500	60500	74000	60500	49500	60500	49500	74000
mood ring colors meaning	60500	$3.40 	60500	60500	60500	60500	60500	60500	74000	60500	49500	60500	49500	74000
mood ring colors	60500	$3.08 	60500	60500	74000	60500	60500	74000	74000	74000	60500	60500	49500	60500
mood colors ring	60500	$3.08 	60500	60500	74000	60500	60500	74000	74000	74000	60500	60500	49500	60500
colors for mood ring	60500	$3.08 	60500	60500	74000	60500	60500	74000	74000	74000	60500	60500	49500	60500
what are mood rings colors mean	60500	$3.40 	60500	60500	60500	60500	60500	60500	74000	60500	49500	60500	49500	74000
mood rings colors	60500	$3.08 	60500	60500	74000	60500	60500	74000	74000	74000	60500	60500	49500	60500
meaning of mood ring colors	60500	$3.40 	60500	60500	60500	60500	60500	60500	74000	60500	49500	60500	49500	74000
moody blue	33100	$0.78 	33100	27100	33100	33100	33100	40500	33100	33100	27100	33100	27100	27100
mood gummies	12100	$8 	14800	18100	14800	33100	18100	27100	260	320	480	880	2400	12100
gummies for mood	12100	$8 	14800	18100	14800	33100	18100	27100	260	320	480	880	2400	12100
bullet journal mood tracker	4400	$1.57 	12100	4400	3600	3600	3600	4400	3600	3600	2400	2400	2900	8100
mood tracker bullet journal	4400	$1.57 	12100	4400	3600	3600	3600	4400	3600	3600	2400	2400	2900	8100
moody blue album	2400	$0.26 	2400	2400	2400	1900	1900	2900	2400	2900	2400	2400	1900	1900
Moody Publishers	2400	$1.58 	2400	2400	2400	2900	1900	1900	1600	1600	1600	1900	3600	2400
elvis moody blues	1600	$0.46 	1900	1600	1600	1600	1300	1600	1600	2400	1900	1600	1300	1300
elvis moody blue	1600	$1.46 	1900	1600	1600	1600	1300	1600	2400	2400	1900	1600	1300	1300
moody blues elvis	1600	$0.46 	1900	1600	1600	1600	1300	1600	1600	2400	1900	1600	1300	1300
moody blues elvis presley	1000	$0.38 	1300	880	1000	1000	880	880	880	1900	1600	880	880	880
moody blue elvis presley	1000	$0.38 	1300	880	1000	1000	880	880	880	1900	1600	880	880	880
moody blues by elvis presley	1000	$0.38 	1300	880	1000	1000	880	880	880	1900	1600	880	880	880
moody blue by elvis presley	1000	$0.38 	1300	880	1000	1000	880	880	880	1900	1600	880	880	880
moodle lms	880	$17.71 	1000	1000	880	1000	880	590	720	880	1000	1000	880	720
mood today	880	$0.06 	880	1000	880	1000	1000	880	880	720	720	880	880	720
Mehmood	720	$0 	720	480	720	590	590	480	880	720	720	720	720	880
best mood tracker app	720	$2.67 	880	880	720	720	590	590	590	590	590	590	590	590
ideas for mood boards	590	$0.56 	1000	590	480	590	480	320	390	480	590	480	480	880
elearning moodle	480	$1.43 	320	390	260	390	260	170	260	260	260	260	320	320
daily mood tracker	480	$0.30 	880	390	480	390	390	390	390	480	480	480	390	480
mood lighting lamp	480	$0.99 	720	480	480	320	390	320	320	320	390	390	720	880
mood tracker journal	480	$2.27 	720	480	390	320	320	320	390	390	260	480	390	590
mood octopus plushie	480	$0.60 	720	720	590	390	480	480	390	260	260	260	480	1000
saffron and mood	480	$1.35 	590	590	480	590	590	480	480	590	480	480	390	480
saffron for mood	480	$1.35 	590	590	480	590	590	480	480	590	480	480	390	480
saffron mood	480	$1.35 	590	590	480	590	590	480	480	590	480	480	390	480
1970s mood ring	480	$0.24 	320	260	260	210	1000	1900	210	170	210	260	260	260
1970s mood rings	480	$0.24 	320	260	260	210	1000	1900	210	170	210	260	260	260
is wellbutrin a mood stabilizer	390	$10.06 	480	480	480	480	480	480	320	320	320	480	390	390
is lithium a mood stabilizer	390	$7.88 	260	390	480	590	480	320	320	210	320	480	390	390
natural mood enhancers for depression	390	$3.73 	320	320	390	390	390	480	390	390	390	390	260	170
dream moods dictionary a to z	320	$2 	590	590	720	70	70	140	170	210	320	260	320	390
bedroom colors and moods	320	$0.99 	260	260	390	260	260	320	390	480	320	390	210	170
christopher moody	320	$0.68 	480	320	260	260	320	320	390	480	480	320	260	390
moody blue elvis album	320	$0.32 	390	260	320	320	260	210	320	480	390	260	260	260
elvis moody blue album	320	$0.32 	390	260	320	320	260	210	320	480	390	260	260	260
moody blue album elvis	320	$0.32 	390	260	320	320	260	210	320	480	390	260	260	260
octopus mood plushie	320	$0.71 	390	320	260	260	260	260	260	260	210	210	480	480
purple color mood	320	$0.05 	320	320	260	320	390	260	260	260	320	320	260	260
Moody Tools	320	$4.55 	390	320	390	390	260	260	260	320	260	320	320	320
is zoloft a mood stabilizer	260	$13.96 	320	260	320	390	320	320	260	210	260	260	260	260
vitamins for mood swings and anxiety	260	$6.08 	260	260	260	210	170	260	320	260	170	210	320	210
vitamins for mood and stress	260	$4.95 	320	260	260	170	170	110	210	320	260	320	320	210
moody home office	260	$0.60 	320	260	260	260	210	210	320	320	320	390	170	170
moody florals	260	$1.18 	390	320	210	210	260	170	210	260	320	320	260	210
ikare mood trauma recovery clinic	210	$2.20 	320	210	210	170	210	260	170	210	210	210	210	210
energy and mood supplements	210	$5.19 	260	210	170	170	170	170	260	260	170	210	140	170
supplements for mood and energy	210	$5.19 	260	210	170	170	170	170	260	260	170	210	140	170
supplements for energy and mood	210	$5.19 	260	210	170	170	170	170	260	260	170	210	140	170
mood and energy supplements	210	$5.19 	260	210	170	170	170	170	260	260	170	210	140	170
qipao in the mood for love	210	$0.46 	320	260	210	170	170	90	140	110	210	210	210	260
in the mood for love qipao	210	$0.46 	320	260	210	170	170	90	140	110	210	210	210	260
the moods oasis	210	$4.67 	140	170	170	170	170	260	260	260	170	320	210	170
blue color mood meaning	210	$0.34 	210	260	260	210	210	210	210	320	210	210	210	260
best mood lighting for bedroom	170	$1.20 	320	140	140	140	110	110	140	210	210	170	260	260
mood light car	170	$0.86 	170	170	210	140	170	110	110	170	210	140	140	170
mood light for car	170	$0.86 	170	170	210	140	170	110	110	170	210	140	140	170
mood lighting in car	170	$0.86 	170	170	210	140	170	110	110	170	210	140	140	170
car mood lights	170	$0.86 	170	170	210	140	170	110	110	170	210	140	140	170
alternative to moodle	170	$16.27 	170	170	170	140	110	140	170	210	170	170	210	140
moody Shower Curtain	170	$1.23 	320	320	260	50	70	50	110	140	110	170	210	210
vitamins for mood swings and depression	170	$5.73 	260	210	210	210	170	140	110	170	140	170	170	110
best supplements for mood and energy	170	$5.58 	210	170	170	140	210	110	260	140	140	110	140	110
best supplements for energy and mood	170	$5.58 	210	170	170	140	210	110	260	140	140	110	140	110
ai moodboard generator	170	$3.16 	210	210	90	170	210	170	140	140	210	210	170	170
mood tracking app free	140	$2.59 	210	210	110	170	140	140	140	140	140	140	140	140
moody cow hoodie	140	$0.28 	140	50	30	70	70	20	20	50	110	170	390	590
interior design mood board app	140	$5.24 	170	110	140	210	170	170	110	90	140	110	140	110
tv with mood lighting	110	$0.43 	110	110	90	110	90	90	140	90	140	50	90	90
daily mood journal	90	$1.46 	140	90	110	70	90	90	110	110	90	70	90	90
journal mood tracker	90	$1.28 	170	70	50	40	70	70	90	110	70	90	90	70
natrol 5 htp mood and stress review	90	$0.64 	110	110	170	90	170	90	50	90	70	50	70	30
natrol 5-htp mood and stress review	90	$0.64 	110	110	170	90	170	90	50	90	70	50	70	30
ai mood board generator	90	$2.90 	140	90	50	90	90	70	90	70	90	90	90	90
moodle elearning	70	$4.92 	40	50	90	90	70	50	70	70	50	50	50	40
mood lighting for home	70	$2.35 	110	70	70	40	70	50	50	50	70	70	90	90
mood room lights	70	$1.10 	70	70	40	30	20	50	70	50	50	90	110	110
is abilify a mood stabilizer or antipsychotic	70	$8 	70	90	110	140	70	70	50	40	50	50	90	70
best mood lighting for living room	70	$2.29 	110	70	70	50	30	40	70	50	70	90	110	70
moody Duvet Cover	70	$2.62 	110	110	90	50	30	10	20	50	70	90	110	50
hermoods	70	$8.52 	70	90	140	90	70	70	30	50	40	40	90	50
moody home office ideas	70	$0.99 	70	70	70	90	70	40	30	90	90	110	40	30
perimenopause supplements for mood	70	$2.97 	90	170	210	40	30	30	20	20	40	30	50	70
mood anchor chart	70	$0.01 	110	70	90	90	40	20	10	40	110	140	110	50
life extension mood improve	50	$2.38 	40	40	50	40	90	50	70	50	20	30	40	30
mood fabrics cotton	50	$0.44 	10	30	20	30	70	50	140	50	40	50	30	20
mood fabrics/cotton	50	$0.44 	10	30	20	30	70	50	140	50	40	50	30	20
is moody lenses legit	50	$10 	90	50	70	50	50	50	50	40	50	0	50	90
thank you mood t-shirt	50	$0.84 	70	50	50	70	50	40	30	40	40	10	90	70
best mood tracker app free	50	$3.43 	50	30	50	30	20	30	70	50	70	50	40	70
mood app for android	50	$3.27 	50	70	50	50	50	40	90	50	50	40	30	40
home office mood board	50	$6.52 	90	50	70	50	70	50	50	50	50	70	30	50
floor lamp mood lighting	50	$2.81 	70	70	50	50	30	40	50	30	90	70	30	50
moody cow sweatshirt	50	$0.43 	30	20	20	10	20	10	10	40	70	90	140	140
brand mood board template	50	$3.24 	70	50	90	70	40	40	90	70	50	70	20	50
branding mood board template	50	$3.24 	70	50	90	70	40	40	90	70	50	70	20	50
natrol 5 htp mood positive	50	$2.40 	90	50	20	40	40	70	30	20	50	40	30	70
natrol 5-htp mood positive	50	$2.40 	90	50	20	40	40	70	30	20	50	40	30	70
adhd and mood stabilizers	50	$7.54 	40	50	50	70	70	50	50	50	40	50	50	50
meaning of mood colors	50	$0.06 	50	50	40	40	40	50	40	50	50	90	70	40
does kyleena cause mood swings	40	$16.98 	20	40	40	20	30	40	40	50	70	30	40	30
is trintellix a mood stabilizer	40	$4.76 	40	40	50	50	40	40	40	30	40	50	50	40
supplements to improve mood and energy	40	$6.05 	50	50	30	30	30	30	50	40	50	40	30	40
rimoody car stereo reviews	40	$1.05 	90	70	50	20	10	20	30	20	20	20	30	30
hourglass mood exposure dupe	40	$0.40 	40	40	30	50	30	10	10	20	50	40	50	90
interior design mood board app free	40	$2 	40	50	40	20	20	30	70	50	30	20	30	30
life extension florassist mood	30	$1.53 	20	10	40	50	70	50	30	30	20	30	20	30
is latuda a mood stabilizer or antipsychotic	30	$13.82 	30	20	30	30	40	30	40	30	40	20	30	30
is invega a mood stabilizer	30	$11 	30	40	20	40	30	40	30	30	20	30	20	30
is aripiprazole a mood stabilizer	30	$6.50 	40	50	40	40	50	50	0	0	20	40	30	40
bigbluebutton moodle	30	$0 	20	30	20	30	30	40	30	30	20	20	20	20
best mood and energy supplements	30	$4.01 	50	30	20	10	20	20	20	20	30	20	30	20
hourglass euphoric fusion vs mood exposure	30	$0.89 	40	20	10	70	40	20	20	30	30	40	50	30
moodboard generator ai	30	$3.87 	50	30	10	30	20	30	40	30	40	30	30	40
florassist mood	20	$2.49 	10	10	10	40	70	30	30	20	20	10	10	20
mood meter classroom	20	$0.03 	10	20	20	10	10	10	10	30	30	20	10	10
is latuda an antipsychotic or mood stabilizer	20	$12.02 	20	30	10	10	10	20	20	10	10	10	20	10
is vraylar a good mood stabilizer	20	$15.18 	0	0	40	50	70	30	0	0	0	0	0	0
natural supplements for energy and mood	20	$6.51 	20	20	10	20	30	20	30	10	20	10	10	10
supplements to boost mood and energy	20	$5.36 	20	30	20	40	20	30	10	10	20	10	20	20
energy mood booster supplements	20	$3.68 	20	20	20	20	30	20	30	30	20	30	20	10
bermooda corner floor lamp	20	$4.98 	30	30	20	20	20	10	40	20	20	20	10	10
life extension florassist mood improve	10	$4.08 	10	10	20	20	20	20	20	20	20	10	10	10
can humira affect your mood	10	$5.31 	10	10	10	10	10	10	10	10	10	10	10	10
best supplements to boost mood and energy	10	$6.13 	20	10	10	10	10	20	10	10	10	10	10	10
mood energy supplements	10	$4.08 	30	10	20	20	20	10	10	10	10	10	10	20
moodle classroom login	10	$0 	10	10	10	10	10	10	10	20	20	20	10	10
